date,ticker,sector,entry_time,exit_time,entry,exit,stop,target,shares,cost,gross_pnl,commission,net_pnl,exit_reason,rsi_entry,vol_ratio,atr
2026-03-31,SOFI,Fintech,2026-03-31 16:35:00+00:00,2026-03-31 16:40:00+00:00,15.5799,15.8125,15.4636,15.8125,3,46.74,0.6977,0.03,0.6677,TARGET,53.6,3.41,0.0775
2026-03-31,SOFI,Fintech,2026-03-31 16:45:00+00:00,2026-03-31 19:55:00+00:00,15.745,15.895,15.5648,16.1054,3,47.23,0.45,0.03,0.42,EOD,61.9,1.82,0.1201
2026-04-01,SOFI,Fintech,2026-04-01 16:15:00+00:00,2026-04-01 17:15:00+00:00,15.945,15.858,15.858,16.1189,3,47.83,-0.2609,0.03,-0.2909,STOP,60.5,1.4,0.058
2026-04-02,SOFI,Fintech,2026-04-02 16:30:00+00:00,2026-04-02 19:55:00+00:00,15.685,15.855,15.5672,15.9206,3,47.06,0.51,0.03,0.48,EOD,57.0,1.36,0.0785
2026-04-06,SOFI,Fintech,2026-04-06 19:15:00+00:00,2026-04-06 19:55:00+00:00,16.23,16.25,16.1683,16.3534,3,48.69,0.06,0.03,0.03,EOD,59.6,1.26,0.0411
2026-04-07,SOFI,Fintech,2026-04-07 16:00:00+00:00,2026-04-07 18:25:00+00:00,16.225,16.0932,16.0932,16.4885,3,48.68,-0.3953,0.03,-0.4253,STOP,60.6,1.68,0.0878
2026-04-07,SOFI,Fintech,2026-04-07 19:15:00+00:00,2026-04-07 19:30:00+00:00,16.165,16.0758,16.0758,16.3435,3,48.5,-0.2677,0.03,-0.2977,STOP,57.8,2.19,0.0595
2026-04-07,SOFI,Fintech,2026-04-07 19:45:00+00:00,2026-04-07 19:55:00+00:00,16.125,16.12,16.0123,16.3503,3,48.38,-0.015,0.03,-0.045,EOD,52.9,2.26,0.0751
2026-04-09,SOFI,Fintech,2026-04-09 15:20:00+00:00,2026-04-09 16:00:00+00:00,16.145,16.3589,16.038,16.3589,3,48.44,0.6417,0.03,0.6117,TARGET,49.5,1.22,0.0713
2026-04-09,SOFI,Fintech,2026-04-09 19:45:00+00:00,2026-04-09 19:55:00+00:00,16.2499,16.25,16.1951,16.3596,3,48.75,0.0003,0.03,-0.0297,EOD,52.8,1.21,0.0366
2026-04-10,SOFI,Fintech,2026-04-10 19:10:00+00:00,2026-04-10 19:20:00+00:00,16.279,16.2264,16.2264,16.3842,3,48.84,-0.1578,0.03,-0.1878,STOP,65.5,2.38,0.0351
2026-04-13,SOFI,Fintech,2026-04-13 16:25:00+00:00,2026-04-13 18:00:00+00:00,16.675,16.8337,16.5957,16.8337,2,33.35,0.3174,0.02,0.2974,TARGET,65.1,1.25,0.0529
2026-04-13,SOFI,Fintech,2026-04-13 19:15:00+00:00,2026-04-13 19:50:00+00:00,16.91,17.0218,16.8541,17.0218,2,33.82,0.2237,0.02,0.2037,TARGET,74.6,1.42,0.0373
2026-04-14,SOFI,Fintech,2026-04-14 17:15:00+00:00,2026-04-14 17:55:00+00:00,17.905,17.8352,17.8352,18.0447,2,35.81,-0.1397,0.02,-0.1597,STOP,68.5,1.3,0.0466
2026-04-14,SOFI,Fintech,2026-04-14 19:00:00+00:00,2026-04-14 19:55:00+00:00,17.84,17.92,17.7676,17.9848,2,35.68,0.16,0.02,0.14,EOD,60.3,1.54,0.0483
2026-04-15,SOFI,Fintech,2026-04-15 16:00:00+00:00,2026-04-15 16:45:00+00:00,18.4802,18.3707,18.3707,18.6992,2,36.96,-0.219,0.02,-0.239,STOP,62.0,1.44,0.073
2026-04-15,SOFI,Fintech,2026-04-15 17:40:00+00:00,2026-04-15 18:10:00+00:00,18.5125,18.6888,18.4244,18.6888,2,37.03,0.3525,0.02,0.3325,TARGET,60.5,1.36,0.0588
2026-04-15,SOFI,Fintech,2026-04-15 18:20:00+00:00,2026-04-15 19:50:00+00:00,18.615,18.8196,18.5127,18.8196,2,37.23,0.4092,0.02,0.3892,TARGET,59.5,1.3,0.0682
2026-04-16,SOFI,Fintech,2026-04-16 15:35:00+00:00,2026-04-16 16:30:00+00:00,19.225,19.067,19.067,19.5411,2,38.45,-0.3161,0.02,-0.3361,STOP,63.2,1.84,0.1054
2026-04-16,SOFI,Fintech,2026-04-16 19:20:00+00:00,2026-04-16 19:50:00+00:00,19.135,19.0623,19.0623,19.2803,2,38.27,-0.1453,0.02,-0.1653,STOP,55.8,1.72,0.0484
2026-04-20,SOFI,Fintech,2026-04-20 15:25:00+00:00,2026-04-20 19:55:00+00:00,19.4,19.5,19.2486,19.7027,2,38.8,0.2,0.02,0.18,EOD,52.3,1.44,0.1009
2026-04-24,SOFI,Fintech,2026-04-24 15:20:00+00:00,2026-04-24 19:30:00+00:00,18.32,18.5564,18.2018,18.5564,2,36.64,0.4727,0.02,0.4527,TARGET,53.0,1.22,0.0788
2026-04-24,SOFI,Fintech,2026-04-24 19:40:00+00:00,2026-04-24 19:55:00+00:00,18.54,18.4641,18.4641,18.6919,2,37.08,-0.1519,0.02,-0.1719,STOP,66.3,2.15,0.0506
2026-04-27,SOFI,Fintech,2026-04-27 17:30:00+00:00,2026-04-27 17:45:00+00:00,18.84,18.7713,18.7713,18.9774,2,37.68,-0.1374,0.02,-0.1574,STOP,64.3,1.49,0.0458
2026-04-27,SOFI,Fintech,2026-04-27 18:40:00+00:00,2026-04-27 19:50:00+00:00,18.815,18.7541,18.7541,18.9368,2,37.63,-0.1218,0.02,-0.1418,STOP,59.9,1.48,0.0406
2026-04-28,SOFI,Fintech,2026-04-28 15:50:00+00:00,2026-04-28 18:45:00+00:00,18.595,18.715,18.4654,18.8542,2,37.19,0.24,0.02,0.22,EOD,54.3,1.35,0.0864
2026-03-31,RIVN,EV,2026-03-31 16:40:00+00:00,2026-03-31 16:45:00+00:00,15.025,14.8914,14.8914,15.2923,3,45.07,-0.4009,0.03,-0.4309,STOP,72.4,3.83,0.0891
2026-03-31,RIVN,EV,2026-03-31 17:00:00+00:00,2026-03-31 19:55:00+00:00,15.0611,15.06,14.9096,15.3641,3,45.18,-0.0033,0.03,-0.0333,EOD,70.1,2.05,0.101
2026-04-02,RIVN,EV,2026-04-02 17:10:00+00:00,2026-04-02 17:50:00+00:00,15.315,15.2299,15.2299,15.4852,3,45.94,-0.2552,0.03,-0.2852,STOP,61.3,1.32,0.0567
2026-04-02,RIVN,EV,2026-04-02 18:40:00+00:00,2026-04-02 19:55:00+00:00,15.356,15.4,15.2876,15.4927,3,46.07,0.132,0.03,0.102,EOD,60.4,1.45,0.0456
2026-04-06,RIVN,EV,2026-04-06 16:35:00+00:00,2026-04-06 17:00:00+00:00,15.345,15.2656,15.2656,15.5038,3,46.04,-0.2383,0.03,-0.2683,STOP,66.7,1.4,0.0529
2026-04-06,RIVN,EV,2026-04-06 19:20:00+00:00,2026-04-06 19:40:00+00:00,15.345,15.2957,15.2957,15.4436,3,46.04,-0.1479,0.03,-0.1779,STOP,55.7,1.35,0.0329
2026-04-07,RIVN,EV,2026-04-07 16:45:00+00:00,2026-04-07 18:45:00+00:00,14.69,14.6094,14.6094,14.8512,3,44.07,-0.2419,0.03,-0.2719,STOP,56.3,1.65,0.0537
2026-04-07,RIVN,EV,2026-04-07 19:45:00+00:00,2026-04-07 19:55:00+00:00,14.685,14.69,14.6023,14.8505,3,44.06,0.015,0.03,-0.015,EOD,57.4,1.9,0.0552
2026-04-08,RIVN,EV,2026-04-08 15:55:00+00:00,2026-04-08 16:45:00+00:00,15.165,15.3475,15.0738,15.3475,3,45.49,0.5475,0.03,0.5175,TARGET,66.0,1.23,0.0608
2026-04-08,RIVN,EV,2026-04-08 16:50:00+00:00,2026-04-08 17:15:00+00:00,15.3999,15.3128,15.3128,15.5742,3,46.2,-0.2614,0.03,-0.2914,STOP,77.7,1.2,0.0581
2026-04-09,RIVN,EV,2026-04-09 15:30:00+00:00,2026-04-09 16:00:00+00:00,15.125,15.3292,15.0229,15.3292,3,45.38,0.6125,0.03,0.5825,TARGET,55.2,1.34,0.0681
2026-04-09,RIVN,EV,2026-04-09 17:05:00+00:00,2026-04-09 19:55:00+00:00,15.325,15.2544,15.2544,15.4663,3,45.97,-0.2119,0.03,-0.2419,STOP,62.0,1.75,0.0471
2026-04-10,RIVN,EV,2026-04-10 15:25:00+00:00,2026-04-10 15:40:00+00:00,15.665,15.5531,15.5531,15.8888,3,46.99,-0.3358,0.03,-0.3658,STOP,56.3,1.55,0.0746
2026-04-13,RIVN,EV,2026-04-13 16:05:00+00:00,2026-04-13 17:00:00+00:00,15.465,15.6686,15.3632,15.6686,3,46.4,0.6107,0.03,0.5807,TARGET,53.9,1.37,0.0679
2026-04-13,RIVN,EV,2026-04-13 17:25:00+00:00,2026-04-13 19:55:00+00:00,15.835,15.88,15.7234,16.0581,3,47.51,0.135,0.03,0.105,EOD,74.1,1.71,0.0744
2026-04-14,RIVN,EV,2026-04-14 16:00:00+00:00,2026-04-14 16:05:00+00:00,16.205,16.0811,16.0811,16.4529,3,48.61,-0.3718,0.03,-0.4018,STOP,65.6,3.27,0.0826
2026-04-15,RIVN,EV,2026-04-15 18:30:00+00:00,2026-04-15 19:55:00+00:00,16.395,16.41,16.32,16.545,3,49.19,0.045,0.03,0.015,EOD,70.8,1.41,0.05
2026-04-16,RIVN,EV,2026-04-16 15:25:00+00:00,2026-04-16 16:20:00+00:00,16.715,17.0078,16.5686,17.0078,2,33.43,0.5856,0.02,0.5656,TARGET,60.9,1.5,0.0976
2026-04-16,RIVN,EV,2026-04-16 19:35:00+00:00,2026-04-16 19:55:00+00:00,16.925,16.8505,16.8505,17.0741,2,33.85,-0.1491,0.02,-0.1691,STOP,64.4,2.28,0.0497
2026-04-20,RIVN,EV,2026-04-20 15:35:00+00:00,2026-04-20 15:55:00+00:00,17.065,16.9385,16.9385,17.3181,2,34.13,-0.2531,0.02,-0.2731,STOP,57.3,1.47,0.0844
2026-04-20,RIVN,EV,2026-04-20 18:25:00+00:00,2026-04-20 18:35:00+00:00,16.9501,16.8856,16.8856,17.0791,2,33.9,-0.129,0.02,-0.149,STOP,55.6,2.15,0.043
2026-04-20,RIVN,EV,2026-04-20 19:30:00+00:00,2026-04-20 19:55:00+00:00,16.975,16.93,16.9061,17.1127,2,33.95,-0.09,0.02,-0.11,EOD,58.1,1.6,0.0459
2026-04-21,RIVN,EV,2026-04-21 16:45:00+00:00,2026-04-21 16:55:00+00:00,17.305,17.1926,17.1926,17.5297,2,34.61,-0.2247,0.02,-0.2447,STOP,57.9,1.46,0.0749
2026-04-21,RIVN,EV,2026-04-21 19:00:00+00:00,2026-04-21 19:40:00+00:00,17.22,17.1317,17.1317,17.3966,2,34.44,-0.1766,0.02,-0.1966,STOP,63.3,1.54,0.0589
2026-04-22,RIVN,EV,2026-04-22 15:20:00+00:00,2026-04-22 15:45:00+00:00,17.4837,17.7107,17.3702,17.7107,2,34.97,0.4541,0.02,0.4341,TARGET,58.6,1.25,0.0757
2026-04-22,RIVN,EV,2026-04-22 16:05:00+00:00,2026-04-22 16:50:00+00:00,17.9502,17.7866,17.7866,18.2774,2,35.9,-0.3272,0.02,-0.3472,STOP,75.0,2.09,0.1091
2026-04-22,RIVN,EV,2026-04-22 18:55:00+00:00,2026-04-22 19:55:00+00:00,17.8066,17.7189,17.7189,17.9819,2,35.61,-0.1753,0.02,-0.1953,STOP,57.1,1.39,0.0584
2026-04-24,RIVN,EV,2026-04-24 15:45:00+00:00,2026-04-24 16:05:00+00:00,16.695,16.5905,16.5905,16.9041,2,33.39,-0.2091,0.02,-0.2291,STOP,55.2,1.73,0.0697
2026-04-24,RIVN,EV,2026-04-24 19:50:00+00:00,2026-04-24 19:55:00+00:00,16.545,16.525,16.4558,16.7235,3,49.64,-0.06,0.03,-0.09,EOD,62.3,1.83,0.0595
2026-04-27,RIVN,EV,2026-04-27 15:35:00+00:00,2026-04-27 16:40:00+00:00,16.7701,16.6353,16.6353,17.0397,2,33.54,-0.2696,0.02,-0.2896,STOP,60.5,1.41,0.0899
2026-04-27,RIVN,EV,2026-04-27 18:05:00+00:00,2026-04-27 19:15:00+00:00,16.755,16.8772,16.6939,16.8772,2,33.51,0.2444,0.02,0.2244,TARGET,59.5,2.77,0.0407
2026-04-27,RIVN,EV,2026-04-27 19:45:00+00:00,2026-04-27 19:55:00+00:00,16.845,16.7642,16.7642,17.0066,2,33.69,-0.1616,0.02,-0.1816,STOP,58.5,1.2,0.0539
2026-03-31,NIO,EV China,2026-03-31 16:35:00+00:00,2026-03-31 17:15:00+00:00,6.015,6.1186,5.9632,6.1186,8,48.12,0.8291,0.08,0.7491,TARGET,73.7,1.25,0.0345
2026-03-31,NIO,EV China,2026-03-31 19:35:00+00:00,2026-03-31 19:55:00+00:00,6.03,6.02,5.9957,6.0987,8,48.24,-0.08,0.08,-0.16,EOD,54.8,1.22,0.0229
2026-04-01,NIO,EV China,2026-04-01 17:50:00+00:00,2026-04-01 18:20:00+00:00,6.1899,6.1584,6.1584,6.253,8,49.52,-0.2523,0.08,-0.3323,STOP,63.7,1.61,0.021
2026-04-01,NIO,EV China,2026-04-01 19:00:00+00:00,2026-04-01 19:55:00+00:00,6.185,6.195,6.1513,6.2523,8,49.48,0.08,0.08,0.0,EOD,57.0,1.29,0.0224
2026-04-02,NIO,EV China,2026-04-02 17:15:00+00:00,2026-04-02 18:05:00+00:00,6.16,6.2128,6.1336,6.2128,8,49.28,0.4221,0.08,0.3421,TARGET,52.5,1.37,0.0176
2026-04-02,NIO,EV China,2026-04-02 18:10:00+00:00,2026-04-02 19:55:00+00:00,6.225,6.2857,6.1947,6.2857,8,49.8,0.4854,0.08,0.4054,TARGET,69.2,1.9,0.0202
2026-04-07,NIO,EV China,2026-04-07 16:20:00+00:00,2026-04-07 17:35:00+00:00,6.08,6.1568,6.0416,6.1568,8,48.64,0.6142,0.08,0.5342,TARGET,54.7,1.22,0.0256
2026-04-07,NIO,EV China,2026-04-07 19:15:00+00:00,2026-04-07 19:35:00+00:00,6.1383,6.1031,6.1031,6.2086,8,49.11,-0.2813,0.08,-0.3613,STOP,64.0,2.77,0.0234
2026-04-07,NIO,EV China,2026-04-07 19:40:00+00:00,2026-04-07 19:55:00+00:00,6.1484,6.135,6.1102,6.2248,8,49.19,-0.1072,0.08,-0.1872,EOD,63.8,2.95,0.0255
2026-04-08,NIO,EV China,2026-04-08 15:45:00+00:00,2026-04-08 16:55:00+00:00,6.46,6.5382,6.4209,6.5382,7,45.22,0.5476,0.07,0.4776,TARGET,68.4,4.68,0.0261
2026-04-10,NIO,EV China,2026-04-10 15:20:00+00:00,2026-04-10 15:55:00+00:00,6.585,6.5079,6.5079,6.7392,7,46.1,-0.5395,0.07,-0.6095,STOP,72.1,1.8,0.0514
2026-04-10,NIO,EV China,2026-04-10 19:45:00+00:00,2026-04-10 19:55:00+00:00,6.47,6.5,6.434,6.542,7,45.29,0.21,0.07,0.14,EOD,59.5,3.62,0.024
2026-04-13,NIO,EV China,2026-04-13 17:10:00+00:00,2026-04-13 17:25:00+00:00,6.525,6.5775,6.4987,6.5775,7,45.68,0.3678,0.07,0.2978,TARGET,65.3,1.35,0.0175
2026-04-13,NIO,EV China,2026-04-13 17:30:00+00:00,2026-04-13 17:50:00+00:00,6.565,6.5349,6.5349,6.6252,7,45.96,-0.2106,0.07,-0.2806,STOP,71.4,1.31,0.0201
2026-04-13,NIO,EV China,2026-04-13 19:30:00+00:00,2026-04-13 19:35:00+00:00,6.515,6.4947,6.4947,6.5556,7,45.6,-0.1421,0.07,-0.2121,STOP,49.4,1.56,0.0135
2026-04-14,NIO,EV China,2026-04-14 15:30:00+00:00,2026-04-14 15:45:00+00:00,6.62,6.574,6.574,6.712,7,46.34,-0.3221,0.07,-0.3921,STOP,63.2,2.55,0.0307
2026-04-14,NIO,EV China,2026-04-14 19:35:00+00:00,2026-04-14 19:45:00+00:00,6.565,6.5429,6.5429,6.6092,7,45.96,-0.1547,0.07,-0.2247,STOP,63.0,2.26,0.0147
2026-04-15,NIO,EV China,2026-04-15 18:40:00+00:00,2026-04-15 19:05:00+00:00,6.475,6.4511,6.4511,6.5228,7,45.32,-0.1672,0.07,-0.2372,STOP,63.4,1.78,0.0159
2026-04-16,NIO,EV China,2026-04-16 15:35:00+00:00,2026-04-16 16:00:00+00:00,6.61,6.6928,6.5686,6.6928,7,46.27,0.5798,0.07,0.5098,TARGET,67.4,1.34,0.0276
2026-04-16,NIO,EV China,2026-04-16 16:20:00+00:00,2026-04-16 19:00:00+00:00,6.73,6.8321,6.679,6.8321,7,47.11,0.7145,0.07,0.6445,TARGET,72.1,1.85,0.034
2026-04-16,NIO,EV China,2026-04-16 19:15:00+00:00,2026-04-16 19:55:00+00:00,6.825,6.87,6.7883,6.8984,7,47.77,0.315,0.07,0.245,EOD,73.5,1.33,0.0245
2026-04-20,NIO,EV China,2026-04-20 18:50:00+00:00,2026-04-20 19:30:00+00:00,6.6999,6.6796,6.6796,6.7405,7,46.9,-0.1422,0.07,-0.2122,STOP,63.2,1.94,0.0135
2026-04-20,NIO,EV China,2026-04-20 19:50:00+00:00,2026-04-20 19:55:00+00:00,6.695,6.6711,6.6711,6.7428,7,46.87,-0.1671,0.07,-0.2371,STOP,57.5,3.9,0.0159
2026-04-22,NIO,EV China,2026-04-22 19:00:00+00:00,2026-04-22 19:20:00+00:00,6.5501,6.5237,6.5237,6.6028,7,45.85,-0.1845,0.07,-0.2545,STOP,59.2,2.64,0.0176
2026-04-24,NIO,EV China,2026-04-24 17:00:00+00:00,2026-04-24 19:30:00+00:00,6.2299,6.2031,6.2031,6.2835,8,49.84,-0.2145,0.08,-0.2945,STOP,55.2,1.25,0.0179
2026-04-24,NIO,EV China,2026-04-24 19:50:00+00:00,2026-04-24 19:55:00+00:00,6.22,6.215,6.1974,6.2653,8,49.76,-0.04,0.08,-0.12,EOD,46.6,3.7,0.0151
2026-04-28,NIO,EV China,2026-04-28 17:25:00+00:00,2026-04-28 18:00:00+00:00,6.315,6.376,6.2845,6.376,7,44.21,0.4272,0.07,0.3572,TARGET,61.9,4.5,0.0203
2026-04-28,NIO,EV China,2026-04-28 18:05:00+00:00,2026-04-28 18:35:00+00:00,6.38,6.3443,6.3443,6.4514,7,44.66,-0.2497,0.07,-0.3197,STOP,74.0,2.12,0.0238
2026-03-31,PLUG,Hydrogen,2026-03-31 16:30:00+00:00,2026-03-31 16:40:00+00:00,2.2099,2.2687,2.1805,2.2687,22,48.62,1.2933,0.22,1.0733,TARGET,57.8,3.34,0.0196
2026-03-31,PLUG,Hydrogen,2026-03-31 16:55:00+00:00,2026-03-31 19:55:00+00:00,2.225,2.26,2.1926,2.2898,22,48.95,0.77,0.22,0.55,EOD,58.1,1.52,0.0216
2026-04-01,PLUG,Hydrogen,2026-04-01 19:25:00+00:00,2026-04-01 19:40:00+00:00,2.265,2.2411,2.2411,2.3128,22,49.83,-0.5261,0.22,-0.7461,STOP,61.1,1.54,0.0159
2026-04-02,PLUG,Hydrogen,2026-04-02 16:40:00+00:00,2026-04-02 19:05:00+00:00,2.3801,2.4353,2.3525,2.4353,21,49.98,1.1589,0.21,0.9489,TARGET,57.1,1.27,0.0184
2026-04-02,PLUG,Hydrogen,2026-04-02 19:40:00+00:00,2026-04-02 19:45:00+00:00,2.4427,2.4222,2.4222,2.4837,20,48.85,-0.4096,0.2,-0.6096,STOP,62.6,2.55,0.0137
2026-04-06,PLUG,Hydrogen,2026-04-06 15:40:00+00:00,2026-04-06 18:15:00+00:00,2.6094,2.6992,2.5645,2.6992,19,49.58,1.7056,0.19,1.5156,TARGET,66.7,1.54,0.0299
2026-04-06,PLUG,Hydrogen,2026-04-06 18:20:00+00:00,2026-04-06 19:35:00+00:00,2.7099,2.6757,2.6757,2.7783,18,48.78,-0.616,0.18,-0.796,STOP,71.3,4.53,0.0228
2026-04-08,PLUG,Hydrogen,2026-04-08 16:20:00+00:00,2026-04-08 18:25:00+00:00,2.67,2.6393,2.6393,2.7314,18,48.06,-0.553,0.18,-0.733,STOP,61.7,1.34,0.0205
2026-04-09,PLUG,Hydrogen,2026-04-09 15:30:00+00:00,2026-04-09 18:20:00+00:00,2.78,2.7388,2.7388,2.8624,17,47.26,-0.7,0.17,-0.87,STOP,56.4,1.26,0.0275
2026-04-13,PLUG,Hydrogen,2026-04-13 15:35:00+00:00,2026-04-13 15:45:00+00:00,2.8591,2.8205,2.8205,2.9362,17,48.6,-0.6555,0.17,-0.8255,STOP,64.9,2.51,0.0257
2026-04-14,PLUG,Hydrogen,2026-04-14 19:05:00+00:00,2026-04-14 19:55:00+00:00,2.945,2.935,2.9155,3.004,16,47.12,-0.16,0.16,-0.32,EOD,62.9,2.79,0.0197
2026-04-15,PLUG,Hydrogen,2026-04-15 18:10:00+00:00,2026-04-15 18:45:00+00:00,2.91,2.8834,2.8834,2.9631,17,49.47,-0.4514,0.17,-0.6214,STOP,63.7,1.91,0.0177
2026-04-15,PLUG,Hydrogen,2026-04-15 19:45:00+00:00,2026-04-15 19:55:00+00:00,2.915,2.925,2.893,2.959,17,49.55,0.17,0.17,-0.0,EOD,62.4,1.22,0.0147
2026-04-16,PLUG,Hydrogen,2026-04-16 18:20:00+00:00,2026-04-16 19:25:00+00:00,2.8405,2.8152,2.8152,2.8912,17,48.29,-0.4309,0.17,-0.6009,STOP,58.5,1.28,0.0169
2026-04-16,PLUG,Hydrogen,2026-04-16 19:35:00+00:00,2026-04-16 19:55:00+00:00,2.84,2.8501,2.8149,2.8901,17,48.28,0.1717,0.17,0.0017,EOD,54.7,1.29,0.0167
2026-04-20,PLUG,Hydrogen,2026-04-20 15:35:00+00:00,2026-04-20 16:55:00+00:00,2.885,2.972,2.8415,2.972,17,49.04,1.4787,0.17,1.3087,TARGET,65.0,1.9,0.029
2026-04-20,PLUG,Hydrogen,2026-04-20 17:00:00+00:00,2026-04-20 19:35:00+00:00,3.0307,3.1312,2.9804,3.1312,16,48.49,1.6087,0.16,1.4487,TARGET,76.8,1.52,0.0335
2026-04-22,PLUG,Hydrogen,2026-04-22 15:30:00+00:00,2026-04-22 16:40:00+00:00,3.15,3.1108,3.1108,3.2283,15,47.25,-0.5873,0.15,-0.7373,STOP,57.0,1.77,0.0261
2026-04-22,PLUG,Hydrogen,2026-04-22 18:05:00+00:00,2026-04-22 19:55:00+00:00,3.15,3.185,3.1218,3.2065,15,47.25,0.525,0.15,0.375,EOD,59.7,1.3,0.0188
2026-04-23,PLUG,Hydrogen,2026-04-23 19:40:00+00:00,2026-04-23 19:55:00+00:00,3.1595,3.2,3.131,3.2165,15,47.39,0.6075,0.15,0.4575,EOD,65.4,2.41,0.019
2026-04-24,PLUG,Hydrogen,2026-04-24 15:25:00+00:00,2026-04-24 16:40:00+00:00,3.2864,3.2273,3.2273,3.4046,15,49.3,-0.8863,0.15,-1.0363,STOP,75.8,1.81,0.0394
2026-04-27,PLUG,Hydrogen,2026-04-27 17:30:00+00:00,2026-04-27 19:00:00+00:00,3.0299,3.0817,3.004,3.0817,16,48.48,0.8282,0.16,0.6682,TARGET,66.0,2.41,0.0173
2026-04-27,PLUG,Hydrogen,2026-04-27 19:15:00+00:00,2026-04-27 19:35:00+00:00,3.0941,3.0626,3.0626,3.1572,16,49.51,-0.5046,0.16,-0.6646,STOP,72.8,2.01,0.021
2026-04-27,PLUG,Hydrogen,2026-04-27 19:40:00+00:00,2026-04-27 19:55:00+00:00,3.075,3.09,3.0402,3.1446,16,49.2,0.24,0.16,0.08,EOD,60.3,1.75,0.0232
2026-04-28,PLUG,Hydrogen,2026-04-28 16:35:00+00:00,2026-04-28 18:45:00+00:00,3.0201,3.025,2.9936,3.0732,16,48.32,0.0784,0.16,-0.0816,EOD,54.3,1.52,0.0177
2026-03-31,F,Auto,2026-03-31 15:35:00+00:00,2026-03-31 15:55:00+00:00,11.415,11.37,11.37,11.5051,4,45.66,-0.1801,0.04,-0.2201,STOP,42.4,1.26,0.03
2026-03-31,F,Auto,2026-03-31 16:35:00+00:00,2026-03-31 16:40:00+00:00,11.445,11.5402,11.3974,11.5402,4,45.78,0.3808,0.04,0.3408,TARGET,55.0,1.32,0.0317
2026-03-31,F,Auto,2026-03-31 17:05:00+00:00,2026-03-31 19:55:00+00:00,11.48,11.515,11.4086,11.6227,4,45.92,0.14,0.04,0.1,EOD,57.5,2.05,0.0476
2026-04-01,F,Auto,2026-04-01 16:30:00+00:00,2026-04-01 19:55:00+00:00,11.64,11.675,11.6022,11.7156,4,46.56,0.14,0.04,0.1,EOD,55.0,1.59,0.0252
2026-04-02,F,Auto,2026-04-02 16:35:00+00:00,2026-04-02 19:55:00+00:00,11.5566,11.59,11.512,11.6458,4,46.23,0.1336,0.04,0.0936,EOD,56.1,1.47,0.0297
2026-04-06,F,Auto,2026-04-06 15:20:00+00:00,2026-04-06 17:05:00+00:00,11.59,11.546,11.546,11.678,4,46.36,-0.1759,0.04,-0.2159,STOP,53.0,1.76,0.0293
2026-04-06,F,Auto,2026-04-06 19:30:00+00:00,2026-04-06 19:55:00+00:00,11.575,11.6,11.5486,11.6278,4,46.3,0.1,0.04,0.06,EOD,58.2,1.54,0.0176
2026-04-07,F,Auto,2026-04-07 16:00:00+00:00,2026-04-07 18:45:00+00:00,11.505,11.4472,11.4472,11.6207,4,46.02,-0.2313,0.04,-0.2713,STOP,57.4,3.03,0.0386
2026-04-07,F,Auto,2026-04-07 19:15:00+00:00,2026-04-07 19:55:00+00:00,11.515,11.535,11.4592,11.6266,4,46.06,0.08,0.04,0.04,EOD,51.9,1.48,0.0372
2026-04-08,F,Auto,2026-04-08 16:35:00+00:00,2026-04-08 18:00:00+00:00,12.1299,12.2157,12.087,12.2157,4,48.52,0.3432,0.04,0.3032,TARGET,63.5,1.21,0.0286
2026-04-08,F,Auto,2026-04-08 18:10:00+00:00,2026-04-08 18:15:00+00:00,12.225,12.1873,12.1873,12.3003,4,48.9,-0.1506,0.04,-0.1906,STOP,69.9,1.78,0.0251
2026-04-08,F,Auto,2026-04-08 18:20:00+00:00,2026-04-08 18:40:00+00:00,12.225,12.1778,12.1778,12.3194,4,48.9,-0.1887,0.04,-0.2287,STOP,64.2,2.24,0.0315
2026-04-09,F,Auto,2026-04-09 15:20:00+00:00,2026-04-09 16:00:00+00:00,12.1324,12.2512,12.073,12.2512,4,48.53,0.4751,0.04,0.4351,TARGET,60.6,2.86,0.0396
2026-04-09,F,Auto,2026-04-09 16:15:00+00:00,2026-04-09 16:45:00+00:00,12.2301,12.1809,12.1809,12.3285,4,48.92,-0.1968,0.04,-0.2368,STOP,70.8,1.22,0.0328
2026-04-09,F,Auto,2026-04-09 17:40:00+00:00,2026-04-09 18:00:00+00:00,12.2301,12.1956,12.1956,12.2992,4,48.92,-0.1382,0.04,-0.1782,STOP,60.1,1.57,0.023
2026-04-10,F,Auto,2026-04-10 18:25:00+00:00,2026-04-10 18:45:00+00:00,12.175,12.1494,12.1494,12.2262,4,48.7,-0.1024,0.04,-0.1424,STOP,74.7,1.3,0.0171
2026-04-13,F,Auto,2026-04-13 16:05:00+00:00,2026-04-13 19:50:00+00:00,12.035,12.124,11.9905,12.124,4,48.14,0.3558,0.04,0.3158,TARGET,49.7,1.27,0.0297
2026-04-14,F,Auto,2026-04-14 19:00:00+00:00,2026-04-14 19:10:00+00:00,12.64,12.6965,12.6118,12.6965,3,37.92,0.1694,0.03,0.1394,TARGET,63.7,2.36,0.0188
2026-04-14,F,Auto,2026-04-14 19:45:00+00:00,2026-04-14 19:55:00+00:00,12.725,12.6857,12.6857,12.8036,3,38.18,-0.1179,0.03,-0.1479,STOP,72.5,3.04,0.0262
2026-04-15,F,Auto,2026-04-15 15:30:00+00:00,2026-04-15 16:30:00+00:00,12.585,12.6732,12.5409,12.6732,3,37.76,0.2647,0.03,0.2347,TARGET,52.3,1.5,0.0294
2026-04-15,F,Auto,2026-04-15 16:40:00+00:00,2026-04-15 18:40:00+00:00,12.65,12.7344,12.6078,12.7344,3,37.95,0.2533,0.03,0.2233,TARGET,60.9,1.4,0.0281
2026-04-15,F,Auto,2026-04-15 18:50:00+00:00,2026-04-15 19:35:00+00:00,12.7431,12.7144,12.7144,12.8005,3,38.23,-0.0862,0.03,-0.1162,STOP,72.4,1.68,0.0191
2026-04-17,F,Auto,2026-04-17 19:30:00+00:00,2026-04-17 19:45:00+00:00,12.903,12.8739,12.8739,12.9612,3,38.71,-0.0873,0.03,-0.1173,STOP,52.4,2.01,0.0194
2026-04-20,F,Auto,2026-04-20 15:20:00+00:00,2026-04-20 16:00:00+00:00,12.825,12.7824,12.7824,12.9102,3,38.47,-0.1278,0.03,-0.1578,STOP,48.8,1.45,0.0284
2026-04-20,F,Auto,2026-04-20 18:10:00+00:00,2026-04-20 19:55:00+00:00,12.815,12.87,12.7863,12.8724,3,38.44,0.165,0.03,0.135,EOD,57.5,1.64,0.0191
2026-04-24,F,Auto,2026-04-24 15:35:00+00:00,2026-04-24 16:35:00+00:00,12.3821,12.3418,12.3418,12.4628,4,49.53,-0.1613,0.04,-0.2013,STOP,49.8,1.34,0.0269
2026-04-24,F,Auto,2026-04-24 19:30:00+00:00,2026-04-24 19:55:00+00:00,12.385,12.38,12.3529,12.4493,4,49.54,-0.02,0.04,-0.06,EOD,61.9,1.56,0.0214
2026-04-27,F,Auto,2026-04-27 19:35:00+00:00,2026-04-27 19:55:00+00:00,12.505,12.4962,12.4743,12.5664,3,37.52,-0.0264,0.03,-0.0564,EOD,65.6,1.52,0.0205
2026-04-28,F,Auto,2026-04-28 17:50:00+00:00,2026-04-28 18:45:00+00:00,12.355,12.385,12.3226,12.4197,4,49.42,0.12,0.04,0.08,EOD,55.8,1.65,0.0216
2026-03-31,SNAP,Social,2026-03-31 17:15:00+00:00,2026-03-31 17:25:00+00:00,4.595,4.5312,4.5312,4.7226,10,45.95,-0.6378,0.1,-0.7378,STOP,73.6,1.53,0.0425
2026-03-31,SNAP,Social,2026-03-31 18:25:00+00:00,2026-03-31 19:55:00+00:00,4.5894,4.605,4.5424,4.6833,10,45.89,0.156,0.1,0.056,EOD,65.7,1.29,0.0313
2026-04-01,SNAP,Social,2026-04-01 15:40:00+00:00,2026-04-01 16:35:00+00:00,4.785,4.8914,4.7318,4.8914,10,47.85,1.0644,0.1,0.9644,TARGET,59.6,1.31,0.0355
2026-04-01,SNAP,Social,2026-04-01 16:40:00+00:00,2026-04-01 18:10:00+00:00,4.885,4.8376,4.8376,4.9798,10,48.85,-0.4742,0.1,-0.5742,STOP,74.3,1.29,0.0316
2026-04-01,SNAP,Social,2026-04-01 18:45:00+00:00,2026-04-01 19:55:00+00:00,4.845,4.905,4.8039,4.9272,10,48.45,0.6,0.1,0.5,EOD,51.0,1.37,0.0274
2026-04-06,SNAP,Social,2026-04-06 16:10:00+00:00,2026-04-06 19:55:00+00:00,4.705,4.72,4.6627,4.7896,10,47.05,0.15,0.1,0.05,EOD,67.3,1.31,0.0282
2026-04-07,SNAP,Social,2026-04-07 15:35:00+00:00,2026-04-07 16:00:00+00:00,4.7403,4.829,4.696,4.829,10,47.4,0.8869,0.1,0.7869,TARGET,58.1,3.09,0.0296
2026-04-07,SNAP,Social,2026-04-07 16:05:00+00:00,2026-04-07 19:00:00+00:00,4.795,4.74,4.74,4.9051,10,47.95,-0.5504,0.1,-0.6504,STOP,64.9,2.2,0.0367
2026-04-07,SNAP,Social,2026-04-07 19:10:00+00:00,2026-04-07 19:55:00+00:00,4.7675,4.81,4.7316,4.8393,10,47.67,0.425,0.1,0.325,EOD,45.5,1.22,0.0239
2026-04-09,SNAP,Social,2026-04-09 15:20:00+00:00,2026-04-09 16:00:00+00:00,4.715,4.8057,4.6696,4.8057,10,47.15,0.9071,0.1,0.8071,TARGET,55.4,1.94,0.0302
2026-04-09,SNAP,Social,2026-04-09 17:15:00+00:00,2026-04-09 18:05:00+00:00,4.785,4.8484,4.7533,4.8484,10,47.85,0.6339,0.1,0.5339,TARGET,61.4,1.81,0.0211
2026-04-09,SNAP,Social,2026-04-09 18:10:00+00:00,2026-04-09 19:05:00+00:00,4.81,4.904,4.763,4.904,10,48.1,0.94,0.1,0.84,TARGET,60.7,1.51,0.0313
2026-04-13,SNAP,Social,2026-04-13 16:05:00+00:00,2026-04-13 17:00:00+00:00,5.005,5.0713,4.9719,5.0713,9,45.05,0.5965,0.09,0.5065,TARGET,66.1,1.24,0.0221
2026-04-13,SNAP,Social,2026-04-13 17:10:00+00:00,2026-04-13 19:55:00+00:00,5.095,5.13,5.057,5.1711,9,45.85,0.315,0.09,0.225,EOD,76.1,1.82,0.0254
2026-04-14,SNAP,Social,2026-04-14 15:55:00+00:00,2026-04-14 17:20:00+00:00,5.305,5.3733,5.2709,5.3733,9,47.74,0.6145,0.09,0.5245,TARGET,64.5,1.78,0.0228
2026-04-14,SNAP,Social,2026-04-14 17:30:00+00:00,2026-04-14 18:10:00+00:00,5.3946,5.3676,5.3676,5.4487,9,48.55,-0.2433,0.09,-0.3333,STOP,76.6,2.17,0.018
2026-04-14,SNAP,Social,2026-04-14 18:25:00+00:00,2026-04-14 18:45:00+00:00,5.395,5.4639,5.3606,5.4639,9,48.55,0.6198,0.09,0.5298,TARGET,61.3,1.26,0.023
2026-04-15,SNAP,Social,2026-04-15 15:20:00+00:00,2026-04-15 16:40:00+00:00,6.06,5.9563,5.9563,6.2675,8,48.48,-0.8298,0.08,-0.9098,STOP,68.0,1.2,0.0692
2026-04-15,SNAP,Social,2026-04-15 17:50:00+00:00,2026-04-15 18:30:00+00:00,5.985,6.106,5.9245,6.106,8,47.88,0.9677,0.08,0.8877,TARGET,54.9,1.37,0.0403
2026-04-15,SNAP,Social,2026-04-15 18:35:00+00:00,2026-04-15 19:00:00+00:00,6.095,6.0394,6.0394,6.2062,8,48.76,-0.4448,0.08,-0.5248,STOP,69.2,1.98,0.0371
2026-04-16,SNAP,Social,2026-04-16 16:45:00+00:00,2026-04-16 18:40:00+00:00,6.0336,6.1323,5.9842,6.1323,8,48.27,0.7896,0.08,0.7096,TARGET,57.9,1.57,0.0329
2026-04-17,SNAP,Social,2026-04-17 16:00:00+00:00,2026-04-17 17:15:00+00:00,6.155,6.112,6.112,6.2411,8,49.24,-0.3442,0.08,-0.4242,STOP,67.7,1.55,0.0287
2026-04-17,SNAP,Social,2026-04-17 17:55:00+00:00,2026-04-17 18:10:00+00:00,6.115,6.0676,6.0676,6.2098,8,48.92,-0.3793,0.08,-0.4593,STOP,50.0,1.48,0.0316
2026-04-20,SNAP,Social,2026-04-20 17:10:00+00:00,2026-04-20 18:35:00+00:00,5.95,6.0111,5.9194,6.0111,8,47.6,0.489,0.08,0.409,TARGET,58.4,1.27,0.0204
2026-04-20,SNAP,Social,2026-04-20 18:40:00+00:00,2026-04-20 19:00:00+00:00,6.02,5.989,5.989,6.082,8,48.16,-0.248,0.08,-0.328,STOP,70.4,1.22,0.0207
2026-04-20,SNAP,Social,2026-04-20 19:30:00+00:00,2026-04-20 19:55:00+00:00,6.015,6.0,5.9849,6.0751,8,48.12,-0.12,0.08,-0.2,EOD,60.3,1.35,0.02
2026-04-22,SNAP,Social,2026-04-22 15:40:00+00:00,2026-04-22 19:55:00+00:00,5.8901,5.855,5.8345,6.0013,8,47.12,-0.2808,0.08,-0.3608,EOD,59.4,1.31,0.0371
2026-04-24,SNAP,Social,2026-04-24 15:40:00+00:00,2026-04-24 19:55:00+00:00,5.655,5.66,5.6048,5.7554,8,45.24,0.04,0.08,-0.04,EOD,71.2,1.43,0.0335
2026-04-27,SNAP,Social,2026-04-27 15:55:00+00:00,2026-04-27 19:05:00+00:00,6.155,6.0976,6.0976,6.2698,8,49.24,-0.4593,0.08,-0.5393,STOP,70.6,2.52,0.0383
2026-04-28,SNAP,Social,2026-04-28 17:00:00+00:00,2026-04-28 18:45:00+00:00,6.0099,6.015,5.9799,6.0699,8,48.08,0.0408,0.08,-0.0392,EOD,58.7,1.35,0.02
2026-03-31,MARA,Crypto,2026-03-31 16:35:00+00:00,2026-03-31 16:40:00+00:00,7.87,8.0455,7.7822,8.0455,6,47.22,1.053,0.06,0.993,TARGET,61.9,1.43,0.0585
2026-03-31,MARA,Crypto,2026-03-31 16:45:00+00:00,2026-03-31 19:00:00+00:00,7.96,8.1842,7.8479,8.1842,6,47.76,1.3453,0.06,1.2853,TARGET,69.1,1.99,0.0747
2026-03-31,MARA,Crypto,2026-03-31 19:10:00+00:00,2026-03-31 19:55:00+00:00,8.1483,8.15,8.0723,8.3003,6,48.89,0.0102,0.06,-0.0498,EOD,62.2,1.49,0.0507
2026-04-01,MARA,Crypto,2026-04-01 15:50:00+00:00,2026-04-01 16:30:00+00:00,8.2201,8.1378,8.1378,8.3847,6,49.32,-0.4938,0.06,-0.5538,STOP,56.4,2.41,0.0549
2026-04-01,MARA,Crypto,2026-04-01 16:50:00+00:00,2026-04-01 17:20:00+00:00,8.245,8.1791,8.1791,8.3767,6,49.47,-0.3952,0.06,-0.4552,STOP,59.4,1.33,0.0439
2026-04-02,MARA,Crypto,2026-04-02 16:40:00+00:00,2026-04-02 17:40:00+00:00,8.12,8.3128,8.0236,8.3128,6,48.72,1.157,0.06,1.097,TARGET,51.1,1.36,0.0643
2026-04-02,MARA,Crypto,2026-04-02 17:45:00+00:00,2026-04-02 18:50:00+00:00,8.27,8.4262,8.1919,8.4262,6,49.62,0.937,0.06,0.877,TARGET,60.8,2.27,0.0521
2026-04-02,MARA,Crypto,2026-04-02 18:55:00+00:00,2026-04-02 19:40:00+00:00,8.5024,8.6737,8.4167,8.6737,5,42.51,0.8566,0.05,0.8066,TARGET,72.1,1.53,0.0571
2026-04-06,MARA,Crypto,2026-04-06 19:10:00+00:00,2026-04-06 19:35:00+00:00,8.97,8.902,8.902,9.106,5,44.85,-0.3401,0.05,-0.3901,STOP,60.6,1.23,0.0453
2026-04-07,MARA,Crypto,2026-04-07 15:45:00+00:00,2026-04-07 16:00:00+00:00,8.49,8.6724,8.3988,8.6724,5,42.45,0.9121,0.05,0.8621,TARGET,56.6,1.29,0.0608
2026-04-07,MARA,Crypto,2026-04-07 16:45:00+00:00,2026-04-07 17:25:00+00:00,8.7014,8.611,8.611,8.8823,5,43.51,-0.4522,0.05,-0.5022,STOP,66.0,1.41,0.0603
2026-04-07,MARA,Crypto,2026-04-07 18:00:00+00:00,2026-04-07 18:25:00+00:00,8.79,8.7115,8.7115,8.9469,5,43.95,-0.3924,0.05,-0.4424,STOP,68.4,1.68,0.0523
2026-04-08,MARA,Crypto,2026-04-08 15:40:00+00:00,2026-04-08 16:50:00+00:00,9.48,9.6968,9.3716,9.6968,5,47.4,1.0842,0.05,1.0342,TARGET,72.1,2.58,0.0723
2026-04-09,MARA,Crypto,2026-04-09 15:20:00+00:00,2026-04-09 15:55:00+00:00,9.515,9.7306,9.4072,9.7306,5,47.58,1.0778,0.05,1.0278,TARGET,55.7,1.5,0.0719
2026-04-09,MARA,Crypto,2026-04-09 16:00:00+00:00,2026-04-09 18:00:00+00:00,9.837,9.72,9.72,10.0711,5,49.18,-0.5852,0.05,-0.6352,STOP,75.6,1.9,0.078
2026-04-09,MARA,Crypto,2026-04-09 19:15:00+00:00,2026-04-09 19:35:00+00:00,9.785,9.7098,9.7098,9.9354,5,48.92,-0.3761,0.05,-0.4261,STOP,56.2,1.39,0.0501
2026-04-13,MARA,Crypto,2026-04-13 17:30:00+00:00,2026-04-13 17:50:00+00:00,10.0799,9.9971,9.9971,10.2456,4,40.32,-0.3313,0.04,-0.3713,STOP,58.6,1.22,0.0552
2026-04-13,MARA,Crypto,2026-04-13 18:45:00+00:00,2026-04-13 19:20:00+00:00,10.145,10.2779,10.0786,10.2779,4,40.58,0.5315,0.04,0.4915,TARGET,67.4,1.49,0.0443
2026-04-13,MARA,Crypto,2026-04-13 19:30:00+00:00,2026-04-13 19:55:00+00:00,10.325,10.355,10.2475,10.4799,4,41.3,0.12,0.04,0.08,EOD,73.8,1.24,0.0516
2026-04-15,MARA,Crypto,2026-04-15 18:30:00+00:00,2026-04-15 19:40:00+00:00,10.3001,10.4215,10.2394,10.4215,4,41.2,0.4858,0.04,0.4458,TARGET,62.3,1.8,0.0405
2026-04-15,MARA,Crypto,2026-04-15 19:45:00+00:00,2026-04-15 19:55:00+00:00,10.465,10.47,10.3963,10.6023,4,41.86,0.02,0.04,-0.02,EOD,75.1,1.31,0.0458
2026-04-16,MARA,Crypto,2026-04-16 15:20:00+00:00,2026-04-16 16:30:00+00:00,10.785,10.6601,10.6601,11.0348,4,43.14,-0.4996,0.04,-0.5396,STOP,73.4,1.53,0.0833
2026-04-16,MARA,Crypto,2026-04-16 16:50:00+00:00,2026-04-16 17:30:00+00:00,10.825,11.0354,10.7198,11.0354,4,43.3,0.8416,0.04,0.8016,TARGET,62.4,1.33,0.0701
2026-04-16,MARA,Crypto,2026-04-16 17:55:00+00:00,2026-04-16 19:15:00+00:00,11.13,11.4117,10.9891,11.4117,4,44.52,1.1269,0.04,1.0869,TARGET,65.9,1.22,0.0939
2026-04-17,MARA,Crypto,2026-04-17 15:55:00+00:00,2026-04-17 16:55:00+00:00,11.9773,11.8413,11.8413,12.2493,4,47.91,-0.5441,0.04,-0.5841,STOP,63.0,1.75,0.0907
2026-04-20,MARA,Crypto,2026-04-20 15:25:00+00:00,2026-04-20 16:00:00+00:00,11.44,11.2811,11.2811,11.7578,4,45.76,-0.6356,0.04,-0.6756,STOP,57.0,1.21,0.1059
2026-04-20,MARA,Crypto,2026-04-20 17:05:00+00:00,2026-04-20 18:00:00+00:00,11.31,11.49,11.22,11.49,4,45.24,0.7202,0.04,0.6802,TARGET,50.8,1.23,0.06
2026-04-20,MARA,Crypto,2026-04-20 18:05:00+00:00,2026-04-20 18:35:00+00:00,11.525,11.7022,11.4364,11.7022,4,46.1,0.7089,0.04,0.6689,TARGET,67.6,1.41,0.0591
2026-04-21,MARA,Crypto,2026-04-21 19:20:00+00:00,2026-04-21 19:40:00+00:00,11.35,11.2406,11.2406,11.5688,4,45.4,-0.4375,0.04,-0.4775,STOP,63.8,1.76,0.0729
2026-04-22,MARA,Crypto,2026-04-22 16:00:00+00:00,2026-04-22 16:15:00+00:00,12.165,12.0285,12.0285,12.4381,4,48.66,-0.5462,0.04,-0.5862,STOP,65.4,1.33,0.091
2026-04-23,MARA,Crypto,2026-04-23 16:35:00+00:00,2026-04-23 17:00:00+00:00,12.1701,12.0536,12.0536,12.4031,4,48.68,-0.466,0.04,-0.506,STOP,61.0,1.36,0.0777
2026-04-24,MARA,Crypto,2026-04-24 17:15:00+00:00,2026-04-24 19:35:00+00:00,11.699,11.5938,11.5938,11.9093,4,46.8,-0.4206,0.04,-0.4606,STOP,64.7,1.96,0.0701
2026-04-28,MARA,Crypto,2026-04-28 15:20:00+00:00,2026-04-28 18:45:00+00:00,10.91,10.9602,10.7642,11.2015,4,43.64,0.2008,0.04,0.1608,EOD,51.5,1.76,0.0972
2026-03-31,RIOT,Crypto,2026-03-31 16:40:00+00:00,2026-03-31 17:15:00+00:00,12.035,12.3323,11.8864,12.3323,4,48.14,1.189,0.04,1.149,TARGET,73.6,4.27,0.0991
2026-03-31,RIOT,Crypto,2026-03-31 17:20:00+00:00,2026-03-31 17:25:00+00:00,12.425,12.2352,12.2352,12.8046,4,49.7,-0.7593,0.04,-0.7993,STOP,76.7,3.0,0.1265
2026-03-31,RIOT,Crypto,2026-03-31 19:10:00+00:00,2026-03-31 19:55:00+00:00,12.41,12.3002,12.3002,12.6295,4,49.64,-0.439,0.04,-0.479,STOP,62.2,1.28,0.0732
2026-04-01,RIOT,Crypto,2026-04-01 15:25:00+00:00,2026-04-01 18:00:00+00:00,12.71,12.5761,12.5761,12.9778,3,38.13,-0.4016,0.03,-0.4316,STOP,58.2,1.47,0.0893
2026-04-01,RIOT,Crypto,2026-04-01 19:45:00+00:00,2026-04-01 19:50:00+00:00,12.675,12.5819,12.5819,12.8612,3,38.03,-0.2794,0.03,-0.3094,STOP,60.3,1.82,0.0621
2026-04-02,RIOT,Crypto,2026-04-02 17:10:00+00:00,2026-04-02 17:35:00+00:00,12.855,12.7608,12.7608,13.0435,3,38.56,-0.2827,0.03,-0.3127,STOP,63.2,1.22,0.0628
2026-04-02,RIOT,Crypto,2026-04-02 18:45:00+00:00,2026-04-02 19:55:00+00:00,12.765,12.875,12.6777,12.9397,3,38.3,0.33,0.03,0.3,EOD,53.2,1.57,0.0582
2026-04-06,RIOT,Crypto,2026-04-06 16:40:00+00:00,2026-04-06 16:55:00+00:00,13.67,13.5876,13.5876,13.8347,3,41.01,-0.2471,0.03,-0.2771,STOP,66.7,1.33,0.0549
2026-04-06,RIOT,Crypto,2026-04-06 18:10:00+00:00,2026-04-06 19:55:00+00:00,13.525,13.51,13.4343,13.7064,3,40.57,-0.045,0.03,-0.075,EOD,54.3,1.21,0.0605
2026-04-07,RIOT,Crypto,2026-04-07 15:25:00+00:00,2026-04-07 16:40:00+00:00,13.735,14.0214,13.5918,14.0214,3,41.2,0.8593,0.03,0.8293,TARGET,63.3,1.2,0.0955
2026-04-07,RIOT,Crypto,2026-04-07 16:50:00+00:00,2026-04-07 17:25:00+00:00,13.995,13.8618,13.8618,14.2614,3,41.98,-0.3995,0.03,-0.4295,STOP,68.6,1.25,0.0888
2026-04-07,RIOT,Crypto,2026-04-07 17:35:00+00:00,2026-04-07 19:20:00+00:00,13.935,14.1719,13.8165,14.1719,3,41.81,0.7107,0.03,0.6807,TARGET,58.0,1.48,0.079
2026-04-08,RIOT,Crypto,2026-04-08 16:05:00+00:00,2026-04-08 16:55:00+00:00,15.96,16.2643,15.8079,16.2643,3,47.88,0.9128,0.03,0.8828,TARGET,75.6,1.22,0.1014
2026-04-08,RIOT,Crypto,2026-04-08 17:30:00+00:00,2026-04-08 18:25:00+00:00,16.215,16.0754,16.0754,16.4942,3,48.65,-0.4188,0.03,-0.4488,STOP,71.2,1.82,0.0931
2026-04-08,RIOT,Crypto,2026-04-08 19:35:00+00:00,2026-04-08 19:55:00+00:00,16.08,16.1,15.9218,16.3964,3,48.24,0.06,0.03,0.03,EOD,52.9,1.87,0.1055
2026-04-09,RIOT,Crypto,2026-04-09 15:30:00+00:00,2026-04-09 16:00:00+00:00,16.78,17.0732,16.6334,17.0732,2,33.56,0.5864,0.02,0.5664,TARGET,65.7,1.51,0.0977
2026-04-09,RIOT,Crypto,2026-04-09 16:15:00+00:00,2026-04-09 16:40:00+00:00,17.025,16.8717,16.8717,17.3315,2,34.05,-0.3065,0.02,-0.3265,STOP,71.3,1.56,0.1022
2026-04-09,RIOT,Crypto,2026-04-09 19:10:00+00:00,2026-04-09 19:25:00+00:00,16.845,16.7406,16.7406,17.0538,2,33.69,-0.2088,0.02,-0.2288,STOP,53.7,1.4,0.0696
2026-04-10,RIOT,Crypto,2026-04-10 18:15:00+00:00,2026-04-10 18:40:00+00:00,16.985,16.8982,16.8982,17.1586,2,33.97,-0.1736,0.02,-0.1936,STOP,66.3,2.33,0.0579
2026-04-13,RIOT,Crypto,2026-04-13 16:40:00+00:00,2026-04-13 18:50:00+00:00,17.1101,17.3488,16.9907,17.3488,2,34.22,0.4775,0.02,0.4575,TARGET,58.8,1.74,0.0796
2026-04-13,RIOT,Crypto,2026-04-13 18:55:00+00:00,2026-04-13 19:40:00+00:00,17.355,17.2765,17.2765,17.512,2,34.71,-0.157,0.02,-0.177,STOP,74.3,1.23,0.0523
2026-04-13,RIOT,Crypto,2026-04-13 19:50:00+00:00,2026-04-13 19:55:00+00:00,17.355,17.36,17.2669,17.5313,2,34.71,0.01,0.02,-0.01,EOD,60.5,2.58,0.0588
2026-04-15,RIOT,Crypto,2026-04-15 19:35:00+00:00,2026-04-15 19:55:00+00:00,17.225,17.43,17.1022,17.4705,2,34.45,0.41,0.02,0.39,EOD,62.2,1.42,0.0818
2026-04-16,RIOT,Crypto,2026-04-16 19:50:00+00:00,2026-04-16 19:55:00+00:00,16.81,16.92,16.6885,17.053,2,33.62,0.22,0.02,0.2,EOD,64.8,2.27,0.081
2026-04-17,RIOT,Crypto,2026-04-17 15:40:00+00:00,2026-04-17 16:30:00+00:00,18.065,18.4574,17.8688,18.4574,2,36.13,0.7849,0.02,0.7649,TARGET,69.2,1.23,0.1308
2026-04-17,RIOT,Crypto,2026-04-17 17:35:00+00:00,2026-04-17 19:55:00+00:00,17.975,18.105,17.7895,18.346,2,35.95,0.26,0.02,0.24,EOD,50.7,1.32,0.1237
2026-04-20,RIOT,Crypto,2026-04-20 18:15:00+00:00,2026-04-20 18:25:00+00:00,18.005,18.2427,17.8861,18.2427,2,36.01,0.4755,0.02,0.4555,TARGET,61.1,1.31,0.0792
2026-04-20,RIOT,Crypto,2026-04-20 18:30:00+00:00,2026-04-20 19:40:00+00:00,18.385,18.2249,18.2249,18.7053,2,36.77,-0.3203,0.02,-0.3403,STOP,76.6,2.05,0.1068
2026-04-22,RIOT,Crypto,2026-04-22 16:05:00+00:00,2026-04-22 16:50:00+00:00,18.57,18.3989,18.3989,18.9122,2,37.14,-0.3422,0.02,-0.3622,STOP,59.1,1.27,0.1141
2026-04-22,RIOT,Crypto,2026-04-22 18:00:00+00:00,2026-04-22 18:15:00+00:00,18.44,18.3329,18.3329,18.6542,2,36.88,-0.2142,0.02,-0.2342,STOP,53.7,1.28,0.0714
2026-04-22,RIOT,Crypto,2026-04-22 19:15:00+00:00,2026-04-22 19:55:00+00:00,18.475,18.45,18.3537,18.7176,2,36.95,-0.05,0.02,-0.07,EOD,61.5,1.44,0.0809
2026-04-24,RIOT,Crypto,2026-04-24 15:45:00+00:00,2026-04-24 16:05:00+00:00,18.7175,18.5324,18.5324,19.0877,2,37.44,-0.3702,0.02,-0.3902,STOP,62.2,1.36,0.1234
2026-04-24,RIOT,Crypto,2026-04-24 18:00:00+00:00,2026-04-24 19:55:00+00:00,18.63,18.585,18.4848,18.9204,2,37.26,-0.09,0.02,-0.11,EOD,57.7,1.4,0.0968
2026-04-27,RIOT,Crypto,2026-04-27 17:35:00+00:00,2026-04-27 19:25:00+00:00,18.5801,18.4579,18.4579,18.8246,2,37.16,-0.2445,0.02,-0.2645,STOP,70.5,1.75,0.0815
2026-03-31,SOUN,AI Voice,2026-03-31 15:25:00+00:00,2026-03-31 16:40:00+00:00,6.44,6.6083,6.3558,6.6083,7,45.08,1.1783,0.07,1.1083,TARGET,68.3,1.25,0.0561
2026-03-31,SOUN,AI Voice,2026-03-31 16:45:00+00:00,2026-03-31 18:20:00+00:00,6.595,6.7843,6.5004,6.7843,7,46.16,1.3251,0.07,1.2551,TARGET,71.3,1.53,0.0631
2026-03-31,SOUN,AI Voice,2026-03-31 18:35:00+00:00,2026-03-31 19:55:00+00:00,6.84,6.875,6.7741,6.9718,7,47.88,0.245,0.07,0.175,EOD,73.6,1.47,0.0439
2026-04-02,SOUN,AI Voice,2026-04-02 16:40:00+00:00,2026-04-02 19:55:00+00:00,6.69,6.79,6.6268,6.8164,7,46.83,0.7,0.07,0.63,EOD,53.9,1.6,0.0421
2026-04-07,SOUN,AI Voice,2026-04-07 15:35:00+00:00,2026-04-07 16:00:00+00:00,6.46,6.5673,6.4063,6.5673,7,45.22,0.7514,0.07,0.6814,TARGET,50.5,1.53,0.0358
2026-04-07,SOUN,AI Voice,2026-04-07 16:15:00+00:00,2026-04-07 19:35:00+00:00,6.525,6.6416,6.4667,6.6416,7,45.68,0.816,0.07,0.746,TARGET,59.3,3.3,0.0389
2026-04-07,SOUN,AI Voice,2026-04-07 19:40:00+00:00,2026-04-07 19:55:00+00:00,6.64,6.71,6.5758,6.7684,7,46.48,0.49,0.07,0.42,EOD,65.3,2.01,0.0428
2026-04-09,SOUN,AI Voice,2026-04-09 15:55:00+00:00,2026-04-09 18:00:00+00:00,6.6817,6.6212,6.6212,6.8027,7,46.77,-0.4236,0.07,-0.4936,STOP,60.1,1.52,0.0403
2026-04-13,SOUN,AI Voice,2026-04-13 16:00:00+00:00,2026-04-13 16:25:00+00:00,6.48,6.5782,6.4309,6.5782,7,45.36,0.6877,0.07,0.6177,TARGET,56.0,1.32,0.0327
2026-04-13,SOUN,AI Voice,2026-04-13 16:30:00+00:00,2026-04-13 17:25:00+00:00,6.595,6.6863,6.5493,6.6863,7,46.16,0.6392,0.07,0.5692,TARGET,72.0,1.86,0.0304
2026-04-13,SOUN,AI Voice,2026-04-13 18:20:00+00:00,2026-04-13 19:00:00+00:00,6.6809,6.7538,6.6444,6.7538,7,46.77,0.5104,0.07,0.4404,TARGET,67.9,1.22,0.0243
2026-04-14,SOUN,AI Voice,2026-04-14 15:35:00+00:00,2026-04-14 16:00:00+00:00,7.08,7.0251,7.0251,7.1899,7,49.56,-0.3845,0.07,-0.4545,STOP,63.8,1.68,0.0366
2026-04-15,SOUN,AI Voice,2026-04-15 15:25:00+00:00,2026-04-15 16:45:00+00:00,7.7736,7.6799,7.6799,7.9611,6,46.64,-0.5624,0.06,-0.6224,STOP,75.8,1.28,0.0625
2026-04-15,SOUN,AI Voice,2026-04-15 18:20:00+00:00,2026-04-15 19:55:00+00:00,7.7697,7.8638,7.6995,7.9101,6,46.62,0.5646,0.06,0.5046,EOD,59.6,1.56,0.0468
2026-04-16,SOUN,AI Voice,2026-04-16 15:25:00+00:00,2026-04-16 16:55:00+00:00,8.03,7.9082,7.9082,8.2737,6,48.18,-0.7311,0.06,-0.7911,STOP,58.8,2.83,0.0812
2026-04-17,SOUN,AI Voice,2026-04-17 19:25:00+00:00,2026-04-17 19:55:00+00:00,8.0395,8.095,7.9804,8.1578,6,48.24,0.333,0.06,0.273,EOD,63.4,1.2,0.0394
2026-04-20,SOUN,AI Voice,2026-04-20 17:15:00+00:00,2026-04-20 19:00:00+00:00,8.1901,8.3235,8.1234,8.3235,6,49.14,0.8006,0.06,0.7406,TARGET,61.3,1.33,0.0445
2026-04-20,SOUN,AI Voice,2026-04-20 19:35:00+00:00,2026-04-20 19:55:00+00:00,8.3297,8.34,8.2722,8.4448,6,49.98,0.0618,0.06,0.0018,EOD,66.4,2.03,0.0384
2026-04-22,SOUN,AI Voice,2026-04-22 18:50:00+00:00,2026-04-22 19:05:00+00:00,8.135,8.0775,8.0775,8.2501,6,48.81,-0.3453,0.06,-0.4053,STOP,64.6,1.89,0.0384
2026-04-22,SOUN,AI Voice,2026-04-22 19:10:00+00:00,2026-04-22 19:50:00+00:00,8.14,8.2595,8.0802,8.2595,6,48.84,0.7172,0.06,0.6572,TARGET,61.9,3.18,0.0398
2026-04-24,SOUN,AI Voice,2026-04-24 15:30:00+00:00,2026-04-24 15:45:00+00:00,7.9299,8.0684,7.8606,8.0684,6,47.58,0.8311,0.06,0.7711,TARGET,57.6,2.68,0.0462
2026-04-24,SOUN,AI Voice,2026-04-24 15:50:00+00:00,2026-04-24 16:05:00+00:00,8.095,8.0162,8.0162,8.2526,6,48.57,-0.4728,0.06,-0.5328,STOP,74.6,1.97,0.0525
2026-04-24,SOUN,AI Voice,2026-04-24 16:30:00+00:00,2026-04-24 17:05:00+00:00,8.0599,8.1869,7.9964,8.1869,6,48.36,0.7617,0.06,0.7017,TARGET,65.0,1.35,0.0423
2026-04-27,SOUN,AI Voice,2026-04-27 15:40:00+00:00,2026-04-27 15:50:00+00:00,8.065,7.9955,7.9955,8.204,6,48.39,-0.4171,0.06,-0.4771,STOP,50.9,1.47,0.0463
2026-04-27,SOUN,AI Voice,2026-04-27 18:20:00+00:00,2026-04-27 18:45:00+00:00,8.0935,8.0539,8.0539,8.1726,6,48.56,-0.2374,0.06,-0.2974,STOP,63.7,1.28,0.0264
2026-04-27,SOUN,AI Voice,2026-04-27 18:55:00+00:00,2026-04-27 19:55:00+00:00,8.125,8.17,8.0739,8.2273,6,48.75,0.27,0.06,0.21,EOD,65.7,3.03,0.0341
2026-04-28,SOUN,AI Voice,2026-04-28 16:50:00+00:00,2026-04-28 18:45:00+00:00,8.095,8.175,8.0463,8.1924,6,48.57,0.48,0.06,0.42,EOD,60.7,1.92,0.0324
2026-03-31,HIMS,Telehealth,2026-03-31 16:40:00+00:00,2026-03-31 19:55:00+00:00,20.47,20.785,20.1944,21.0212,2,40.94,0.63,0.02,0.61,EOD,67.8,2.13,0.1837
2026-04-02,HIMS,Telehealth,2026-04-02 16:40:00+00:00,2026-04-02 17:35:00+00:00,19.2,19.0386,19.0386,19.5228,2,38.4,-0.3228,0.02,-0.3428,STOP,50.2,1.37,0.1076
2026-04-02,HIMS,Telehealth,2026-04-02 19:20:00+00:00,2026-04-02 19:55:00+00:00,19.125,19.14,18.9646,19.4458,2,38.25,0.03,0.02,0.01,EOD,58.6,1.63,0.1069
2026-04-06,HIMS,Telehealth,2026-04-06 16:50:00+00:00,2026-04-06 17:00:00+00:00,20.285,20.1461,20.1461,20.5628,2,40.57,-0.2778,0.02,-0.2978,STOP,62.2,1.68,0.0926
2026-04-06,HIMS,Telehealth,2026-04-06 18:55:00+00:00,2026-04-06 19:05:00+00:00,20.195,20.0751,20.0751,20.4349,2,40.39,-0.2399,0.02,-0.2599,STOP,61.7,1.25,0.08
2026-04-06,HIMS,Telehealth,2026-04-06 19:10:00+00:00,2026-04-06 19:55:00+00:00,20.2,20.32,20.0596,20.4809,2,40.4,0.24,0.02,0.22,EOD,60.7,1.25,0.0936
2026-04-07,HIMS,Telehealth,2026-04-07 15:55:00+00:00,2026-04-07 18:50:00+00:00,19.515,19.357,19.357,19.831,2,39.03,-0.316,0.02,-0.336,STOP,57.6,1.54,0.1053
2026-04-07,HIMS,Telehealth,2026-04-07 19:15:00+00:00,2026-04-07 19:55:00+00:00,19.6,19.53,19.434,19.9321,2,39.2,-0.14,0.02,-0.16,EOD,59.2,2.22,0.1107
2026-04-09,HIMS,Telehealth,2026-04-09 16:00:00+00:00,2026-04-09 16:40:00+00:00,19.41,19.2541,19.2541,19.7218,2,38.82,-0.3118,0.02,-0.3318,STOP,64.5,1.33,0.1039
2026-04-09,HIMS,Telehealth,2026-04-09 17:40:00+00:00,2026-04-09 17:50:00+00:00,19.34,19.236,19.236,19.5479,2,38.68,-0.2079,0.02,-0.2279,STOP,53.5,1.46,0.0693
2026-04-09,HIMS,Telehealth,2026-04-09 19:30:00+00:00,2026-04-09 19:50:00+00:00,19.435,19.6755,19.3147,19.6755,2,38.87,0.481,0.02,0.461,TARGET,69.4,2.57,0.0802
2026-04-10,HIMS,Telehealth,2026-04-10 16:00:00+00:00,2026-04-10 16:40:00+00:00,19.75,19.5341,19.5341,20.1819,2,39.5,-0.4319,0.02,-0.4519,STOP,60.2,1.96,0.144
2026-04-10,HIMS,Telehealth,2026-04-10 16:55:00+00:00,2026-04-10 18:05:00+00:00,19.72,19.5314,19.5314,20.0972,2,39.44,-0.3772,0.02,-0.3972,STOP,56.9,1.55,0.1257
2026-04-13,HIMS,Telehealth,2026-04-13 15:20:00+00:00,2026-04-13 16:10:00+00:00,20.445,20.8465,20.2442,20.8465,2,40.89,0.803,0.02,0.783,TARGET,68.8,1.5,0.1338
2026-04-13,HIMS,Telehealth,2026-04-13 16:30:00+00:00,2026-04-13 16:50:00+00:00,21.02,21.3761,20.8419,21.3761,2,42.04,0.7122,0.02,0.6922,TARGET,76.8,1.34,0.1187
2026-04-13,HIMS,Telehealth,2026-04-13 16:55:00+00:00,2026-04-13 17:25:00+00:00,21.31,21.7151,21.1075,21.7151,2,42.62,0.8101,0.02,0.7901,TARGET,77.5,1.41,0.135
2026-04-14,HIMS,Telehealth,2026-04-14 16:35:00+00:00,2026-04-14 17:55:00+00:00,21.455,21.3407,21.3407,21.6835,2,42.91,-0.2285,0.02,-0.2485,STOP,59.0,2.41,0.0762
2026-04-14,HIMS,Telehealth,2026-04-14 19:45:00+00:00,2026-04-14 19:55:00+00:00,21.4093,21.2753,21.2753,21.6773,2,42.82,-0.268,0.02,-0.288,STOP,64.8,3.34,0.0893
2026-04-15,HIMS,Telehealth,2026-04-15 18:10:00+00:00,2026-04-15 18:50:00+00:00,22.315,22.8141,22.0654,22.8141,2,44.63,0.9982,0.02,0.9782,TARGET,75.9,9.37,0.1664
2026-04-15,HIMS,Telehealth,2026-04-15 19:35:00+00:00,2026-04-15 19:55:00+00:00,23.795,24.6499,23.3676,24.6499,2,47.59,1.7097,0.02,1.6897,TARGET,74.1,1.21,0.285
2026-04-16,HIMS,Telehealth,2026-04-16 15:25:00+00:00,2026-04-16 18:30:00+00:00,26.2351,27.2545,25.7254,27.2545,1,26.24,1.0194,0.01,1.0094,TARGET,65.5,2.62,0.3398
2026-04-16,HIMS,Telehealth,2026-04-16 18:35:00+00:00,2026-04-16 19:05:00+00:00,27.52,27.1177,27.1177,28.3246,1,27.52,-0.4023,0.01,-0.4123,STOP,77.2,3.17,0.2682
2026-04-17,HIMS,Telehealth,2026-04-17 19:35:00+00:00,2026-04-17 19:55:00+00:00,28.68,28.83,28.4044,29.2312,1,28.68,0.15,0.01,0.14,EOD,68.8,1.83,0.1837
2026-04-20,HIMS,Telehealth,2026-04-20 17:20:00+00:00,2026-04-20 19:30:00+00:00,31.329,30.9517,30.9517,32.0836,1,31.33,-0.3773,0.01,-0.3873,STOP,62.0,1.44,0.2515
2026-04-21,HIMS,Telehealth,2026-04-21 17:30:00+00:00,2026-04-21 18:55:00+00:00,29.51,30.0437,29.2431,30.0437,1,29.51,0.5337,0.01,0.5237,TARGET,48.6,1.27,0.1779
2026-04-21,HIMS,Telehealth,2026-04-21 19:00:00+00:00,2026-04-21 19:15:00+00:00,30.042,30.5404,29.7928,30.5404,1,30.04,0.4984,0.01,0.4884,TARGET,64.5,1.39,0.1661
2026-04-21,HIMS,Telehealth,2026-04-21 19:20:00+00:00,2026-04-21 19:35:00+00:00,30.615,30.3087,30.3087,31.2276,1,30.61,-0.3063,0.01,-0.3163,STOP,77.1,3.27,0.2042
2026-04-22,HIMS,Telehealth,2026-04-22 19:10:00+00:00,2026-04-22 19:55:00+00:00,28.745,29.01,28.5313,29.1725,1,28.75,0.265,0.01,0.255,EOD,64.5,1.26,0.1425
2026-04-24,HIMS,Telehealth,2026-04-24 16:30:00+00:00,2026-04-24 17:30:00+00:00,30.93,30.566,30.566,31.6579,1,30.93,-0.364,0.01,-0.374,STOP,70.6,1.39,0.2426
2026-04-24,HIMS,Telehealth,2026-04-24 18:30:00+00:00,2026-04-24 18:50:00+00:00,30.8,30.5876,30.5876,31.2248,1,30.8,-0.2124,0.01,-0.2224,STOP,57.2,2.98,0.1416
2026-04-24,HIMS,Telehealth,2026-04-24 19:30:00+00:00,2026-04-24 19:40:00+00:00,30.59,30.3566,30.3566,31.0567,1,30.59,-0.2334,0.01,-0.2434,STOP,49.5,1.58,0.1556
2026-03-31,TQQQ,3x QQQ,2026-03-31 16:35:00+00:00,2026-03-31 16:40:00+00:00,40.4999,41.2736,40.113,41.2736,1,40.5,0.7737,0.01,0.7637,TARGET,68.4,2.5,0.2579
2026-03-31,TQQQ,3x QQQ,2026-03-31 16:45:00+00:00,2026-03-31 19:55:00+00:00,40.94,41.7,40.3633,42.0934,1,40.94,0.76,0.01,0.75,EOD,72.3,2.85,0.3845
2026-04-01,TQQQ,3x QQQ,2026-04-01 17:00:00+00:00,2026-04-01 17:30:00+00:00,43.9562,43.7938,43.7938,44.2811,1,43.96,-0.1624,0.01,-0.1724,STOP,69.9,1.88,0.1083
2026-04-02,TQQQ,3x QQQ,2026-04-02 16:40:00+00:00,2026-04-02 19:55:00+00:00,42.925,43.33,42.4734,43.8282,1,42.92,0.405,0.01,0.395,EOD,54.4,1.44,0.3011
2026-04-06,TQQQ,3x QQQ,2026-04-06 18:20:00+00:00,2026-04-06 19:55:00+00:00,44.05,44.12,43.7891,44.5719,1,44.05,0.07,0.01,0.06,EOD,62.2,1.22,0.174
2026-04-07,TQQQ,3x QQQ,2026-04-07 16:00:00+00:00,2026-04-07 18:55:00+00:00,43.125,42.688,42.688,43.999,1,43.12,-0.437,0.01,-0.447,STOP,61.2,2.51,0.2913
2026-04-07,TQQQ,3x QQQ,2026-04-07 19:15:00+00:00,2026-04-07 19:55:00+00:00,43.5199,44.15,43.1363,44.2871,1,43.52,0.6301,0.01,0.6201,EOD,62.8,3.95,0.2557
2026-04-08,TQQQ,3x QQQ,2026-04-08 18:00:00+00:00,2026-04-08 18:15:00+00:00,48.215,48.0383,48.0383,48.5683,1,48.22,-0.1767,0.01,-0.1867,STOP,63.1,1.25,0.1178
2026-04-09,TQQQ,3x QQQ,2026-04-09 15:25:00+00:00,2026-04-09 15:45:00+00:00,47.885,48.4522,47.6014,48.4522,1,47.88,0.5672,0.01,0.5572,TARGET,54.7,1.31,0.1891
2026-04-09,TQQQ,3x QQQ,2026-04-09 16:00:00+00:00,2026-04-09 16:45:00+00:00,48.9002,48.5091,48.5091,49.6823,1,48.9,-0.3911,0.01,-0.4011,STOP,74.9,2.3,0.2607
2026-04-09,TQQQ,3x QQQ,2026-04-09 19:30:00+00:00,2026-04-09 19:55:00+00:00,48.945,48.97,48.7464,49.3423,1,48.94,0.025,0.01,0.015,EOD,63.0,1.32,0.1324
2026-04-10,TQQQ,3x QQQ,2026-04-10 15:20:00+00:00,2026-04-10 15:25:00+00:00,49.795,49.5405,49.5405,50.304,1,49.79,-0.2545,0.01,-0.2645,STOP,68.2,1.35,0.1697
2026-04-13,TQQQ,3x QQQ,2026-04-13 16:20:00+00:00,2026-04-13 18:50:00+00:00,49.585,50.0942,49.3304,50.0942,1,49.58,0.5092,0.01,0.4992,TARGET,60.9,1.59,0.1697
2026-04-06,UVXY,VIX ETF,2026-04-06 17:00:00+00:00,2026-04-06 17:30:00+00:00,49.2008,48.746,48.746,50.1105,1,49.2,-0.4548,0.01,-0.4648,STOP,59.4,3.55,0.3032
2026-04-06,UVXY,VIX ETF,2026-04-06 18:30:00+00:00,2026-04-06 19:55:00+00:00,49.14,48.6013,48.6013,50.2173,1,49.14,-0.5387,0.01,-0.5487,STOP,53.4,1.64,0.3591
2026-04-08,UVXY,VIX ETF,2026-04-08 17:05:00+00:00,2026-04-08 18:00:00+00:00,44.3,43.8911,43.8911,45.1177,1,44.3,-0.4089,0.01,-0.4189,STOP,44.7,1.31,0.2726
2026-04-08,UVXY,VIX ETF,2026-04-08 18:15:00+00:00,2026-04-08 19:50:00+00:00,44.34,43.8035,43.8035,45.4129,1,44.34,-0.5365,0.01,-0.5465,STOP,48.5,2.05,0.3576
2026-04-10,UVXY,VIX ETF,2026-04-10 15:30:00+00:00,2026-04-10 17:10:00+00:00,41.55,42.2925,41.1787,42.2925,1,41.55,0.7425,0.01,0.7325,TARGET,64.6,1.75,0.2475
2026-04-10,UVXY,VIX ETF,2026-04-10 18:50:00+00:00,2026-04-10 19:00:00+00:00,42.0277,41.7852,41.7852,42.5126,1,42.03,-0.2425,0.01,-0.2525,STOP,54.5,1.48,0.1616
2026-04-10,UVXY,VIX ETF,2026-04-10 19:35:00+00:00,2026-04-10 19:55:00+00:00,41.85,41.85,41.6027,42.3446,1,41.85,0.0,0.01,-0.01,EOD,50.8,1.36,0.1649
2026-04-14,UVXY,VIX ETF,2026-04-14 16:10:00+00:00,2026-04-14 18:20:00+00:00,38.57,39.0018,38.3541,39.0018,1,38.57,0.4318,0.01,0.4218,TARGET,58.3,2.13,0.1439
2026-04-14,UVXY,VIX ETF,2026-04-14 19:50:00+00:00,2026-04-14 19:55:00+00:00,38.78,38.64,38.5823,39.1754,1,38.78,-0.14,0.01,-0.15,EOD,59.2,6.11,0.1318
2026-04-15,UVXY,VIX ETF,2026-04-15 15:20:00+00:00,2026-04-15 16:20:00+00:00,39.01,38.7599,38.7599,39.5102,1,39.01,-0.2501,0.01,-0.2601,STOP,63.6,1.38,0.1667
2026-04-15,UVXY,VIX ETF,2026-04-15 16:35:00+00:00,2026-04-15 16:45:00+00:00,39.0,39.3494,38.8253,39.3494,1,39.0,0.3494,0.01,0.3394,TARGET,57.6,2.02,0.1165
2026-04-15,UVXY,VIX ETF,2026-04-15 19:20:00+00:00,2026-04-15 19:55:00+00:00,38.72,38.9,38.5797,39.0005,1,38.72,0.18,0.01,0.17,EOD,45.9,1.35,0.0935
2026-04-16,UVXY,VIX ETF,2026-04-16 16:05:00+00:00,2026-04-16 17:30:00+00:00,39.45,39.155,39.155,40.0399,1,39.45,-0.295,0.01,-0.305,STOP,59.9,1.21,0.1966
2026-04-17,UVXY,VIX ETF,2026-04-17 17:20:00+00:00,2026-04-17 17:25:00+00:00,37.83,37.4893,37.4893,38.5115,1,37.83,-0.3408,0.01,-0.3508,STOP,55.6,1.98,0.2272
2026-04-17,UVXY,VIX ETF,2026-04-17 19:00:00+00:00,2026-04-17 19:35:00+00:00,37.79,37.5722,37.5722,38.2256,1,37.79,-0.2178,0.01,-0.2278,STOP,59.1,2.39,0.1452
2026-04-17,UVXY,VIX ETF,2026-04-17 19:45:00+00:00,2026-04-17 19:55:00+00:00,37.675,38.1242,37.4504,38.1242,1,37.67,0.4492,0.01,0.4392,TARGET,51.1,2.01,0.1497
2026-04-20,UVXY,VIX ETF,2026-04-20 17:35:00+00:00,2026-04-20 19:45:00+00:00,39.24,39.6329,39.0436,39.6329,1,39.24,0.3929,0.01,0.3829,TARGET,59.6,2.58,0.131
2026-04-21,UVXY,VIX ETF,2026-04-21 17:05:00+00:00,2026-04-21 17:35:00+00:00,39.78,39.4293,39.4293,40.4813,1,39.78,-0.3507,0.01,-0.3607,STOP,59.6,3.03,0.2338
2026-04-21,UVXY,VIX ETF,2026-04-21 18:15:00+00:00,2026-04-21 18:50:00+00:00,39.714,39.3075,39.3075,40.527,1,39.71,-0.4065,0.01,-0.4165,STOP,55.2,1.73,0.271
2026-04-21,UVXY,VIX ETF,2026-04-21 19:35:00+00:00,2026-04-21 19:40:00+00:00,39.665,40.5033,39.2459,40.5033,1,39.67,0.8383,0.01,0.8283,TARGET,56.5,2.46,0.2794
2026-04-22,UVXY,VIX ETF,2026-04-22 15:40:00+00:00,2026-04-22 16:00:00+00:00,39.785,39.4642,39.4642,40.4267,1,39.78,-0.3208,0.01,-0.3308,STOP,62.9,1.61,0.2139
2026-04-22,UVXY,VIX ETF,2026-04-22 16:30:00+00:00,2026-04-22 17:00:00+00:00,39.66,39.3935,39.3935,40.1931,1,39.66,-0.2665,0.01,-0.2765,STOP,57.8,1.67,0.1777
2026-04-22,UVXY,VIX ETF,2026-04-22 18:15:00+00:00,2026-04-22 18:30:00+00:00,39.3799,39.2183,39.2183,39.7031,1,39.38,-0.1616,0.01,-0.1716,STOP,51.5,1.37,0.1077
2026-04-23,UVXY,VIX ETF,2026-04-23 15:40:00+00:00,2026-04-23 16:25:00+00:00,39.58,39.3751,39.3751,39.9897,1,39.58,-0.2049,0.01,-0.2149,STOP,63.1,1.28,0.1366
2026-04-23,UVXY,VIX ETF,2026-04-23 17:00:00+00:00,2026-04-23 17:05:00+00:00,39.54,40.1602,39.2299,40.1602,1,39.54,0.6202,0.01,0.6102,TARGET,55.4,2.9,0.2067
2026-04-23,UVXY,VIX ETF,2026-04-23 17:10:00+00:00,2026-04-23 17:40:00+00:00,40.2707,41.0653,39.8734,41.0653,1,40.27,0.7946,0.01,0.7846,TARGET,70.5,3.89,0.2649
2026-04-24,UVXY,VIX ETF,2026-04-24 15:25:00+00:00,2026-04-24 15:40:00+00:00,39.1,38.8712,38.8712,39.5577,1,39.1,-0.2288,0.01,-0.2388,STOP,49.7,2.5,0.1526
2026-04-24,UVXY,VIX ETF,2026-04-24 17:30:00+00:00,2026-04-24 17:50:00+00:00,39.075,38.8782,38.8782,39.4685,1,39.08,-0.1968,0.01,-0.2068,STOP,51.2,1.44,0.1312
2026-04-24,UVXY,VIX ETF,2026-04-24 18:10:00+00:00,2026-04-24 18:55:00+00:00,39.02,38.7964,38.7964,39.4673,1,39.02,-0.2237,0.01,-0.2337,STOP,52.0,2.26,0.1491
